timestamp,tradingsymbol,order_price,quantity,type,pnl,realized_pnl
2025-08-08 09:15:00+05:30,NIFTY2581424350CE,296.45,1,SELL,296.45,0.0
2025-08-08 09:15:00+05:30,NIFTY2581424350PE,44.25,1,SELL,44.25,0.0
2025-08-08 09:15:00+05:30,NIFTY2581424400CE,257.45,1,SELL,257.45,0.0
2025-08-08 09:15:00+05:30,NIFTY2581424400PE,56.3,1,SELL,56.3,0.0
2025-08-08 09:15:00+05:30,NIFTY2581424300CE,338.0,1,SELL,338.0,0.0
2025-08-08 09:15:00+05:30,NIFTY2581424300PE,36.45,1,BUY,-36.45,260.0
2025-08-08 09:15:00+05:30,NIFTY2581424450CE,221.0,1,SELL,221.0,260.0
2025-08-08 09:15:00+05:30,NIFTY2581424450PE,69.15,1,SELL,69.15,260.0
2025-08-08 09:15:00+05:30,NIFTY2581424250CE,381.9,1,SELL,381.9,260.0
2025-08-08 09:15:00+05:30,NIFTY2581424250PE,29.05,1,BUY,-29.05,275.2
2025-08-08 09:15:00+05:30,NIFTY2581424500CE,189.0,1,SELL,189.0,275.2
2025-08-08 09:15:00+05:30,NIFTY2581424500PE,86.4,1,SELL,86.4,275.2
2025-08-08 09:15:00+05:30,NIFTY2581424200CE,427.4,1,BUY,-427.4,105.25
2025-08-08 09:15:00+05:30,NIFTY2581424200PE,23.55,1,BUY,-23.55,138.0
2025-08-08 09:15:00+05:30,NIFTY2581424550CE,157.15,1,SELL,157.15,138.0
2025-08-08 09:15:00+05:30,NIFTY2581424550PE,104.55,1,SELL,104.55,138.0
2025-08-08 09:15:00+05:30,NIFTY2581424150PE,19.15,1,BUY,-19.15,456.85
2025-08-08 09:15:00+05:30,NIFTY2581424600CE,130.3,1,SELL,130.3,456.85
2025-08-08 09:15:00+05:30,NIFTY2581424600PE,127.55,1,SELL,127.55,456.85
2025-08-08 09:15:00+05:30,NIFTY2581424100CE,514.5,1,BUY,-514.5,163.35000000000002
2025-08-08 09:15:00+05:30,NIFTY2581424100PE,15.95,1,BUY,-15.95,216.55
2025-08-08 09:15:00+05:30,NIFTY2581424650CE,105.75,1,SELL,105.75,216.55
2025-08-08 09:15:00+05:30,NIFTY2581424650PE,153.8,1,SELL,153.8,216.55
2025-08-08 09:15:00+05:30,NIFTY2581424050CE,577.65,1,BUY,-577.65,20.80000000000001
2025-08-08 09:15:00+05:30,NIFTY2581424050PE,13.4,1,BUY,-13.4,196.4
2025-08-08 09:15:00+05:30,NIFTY2581424700CE,85.7,1,SELL,85.7,196.4
2025-08-08 09:15:00+05:30,NIFTY2581424700PE,182.8,1,SELL,182.8,196.4
2025-08-08 09:15:00+05:30,NIFTY2581424000CE,616.65,1,BUY,-616.65,-333.85
2025-08-08 09:15:00+05:30,NIFTY2581424000PE,11.35,1,BUY,-11.35,-188.05
2025-08-08 09:15:00+05:30,NIFTY2581424750PE,215.75,1,SELL,215.75,-188.05
2025-08-08 09:15:00+05:30,NIFTY2581427100CE,0.7,1,BUY,-0.7,-84.20000000000002
2025-08-08 09:15:00+05:30,NIFTY2581427050CE,0.75,1,BUY,-0.75,45.349999999999994
2025-08-08 09:15:00+05:30,NIFTY2581427000CE,0.7,1,BUY,-0.7,172.2
2025-08-08 09:15:00+05:30,NIFTY2581426950CE,0.8,1,BUY,-0.8,277.15
2025-08-08 09:15:00+05:30,NIFTY2581426900CE,0.8,1,BUY,-0.8,430.15
2025-08-08 09:15:00+05:30,NIFTY2581426800CE,0.8,1,BUY,-0.8,515.05
2025-08-08 09:15:00+05:30,NIFTY2581426750CE,0.75,1,BUY,-0.75,697.0999999999999
2025-08-08 09:15:00+05:30,NIFTY2581426700CE,0.8,1,BUY,-0.8,912.05
2025-08-08 09:15:00+05:30,NIFTY2581426650CE,0.8,1,BUY,-0.8,912.05
2025-08-08 09:15:00+05:30,NIFTY2581426600CE,0.85,1,BUY,-0.85,912.05
2025-08-08 09:15:00+05:30,NIFTY2581426550CE,0.8,1,BUY,-0.8,912.05
2025-08-08 09:15:00+05:30,NIFTY2581426500CE,0.8,1,BUY,-0.8,912.05
2025-08-08 09:15:00+05:30,NIFTY2581426450CE,0.85,1,BUY,-0.85,912.05
2025-08-08 09:15:00+05:30,NIFTY2581426400CE,0.9,1,BUY,-0.9,912.05
2025-08-08 09:15:00+05:30,NIFTY2581426350CE,0.9,1,BUY,-0.9,912.05
2025-08-08 09:15:00+05:30,NIFTY2581426300CE,0.9,1,BUY,-0.9,912.05
2025-08-08 09:15:00+05:30,NIFTY2581426250CE,0.9,1,BUY,-0.9,912.05
2025-08-08 09:15:00+05:30,NIFTY2581426200CE,0.9,1,BUY,-0.9,912.05
2025-08-08 09:15:00+05:30,NIFTY2581426150CE,0.95,1,BUY,-0.95,912.05
2025-08-08 09:15:00+05:30,NIFTY2581426100CE,0.95,1,BUY,-0.95,912.05
2025-08-08 09:15:00+05:30,NIFTY2581426050CE,1.0,1,BUY,-1.0,912.05
2025-08-08 09:15:00+05:30,NIFTY2581426000CE,1.05,1,BUY,-1.05,912.05
2025-08-08 09:15:00+05:30,NIFTY2581426000PE,1400.95,1,BUY,-1400.95,912.05
2025-08-08 09:15:00+05:30,NIFTY2581425950CE,1.1,1,BUY,-1.1,912.05
2025-08-08 09:15:00+05:30,NIFTY2581425900CE,1.1,1,BUY,-1.1,912.05
2025-08-08 09:15:00+05:30,NIFTY2581425850CE,1.15,1,BUY,-1.15,912.05
2025-08-08 09:15:00+05:30,NIFTY2581425800CE,1.25,1,BUY,-1.25,912.05
2025-08-08 09:15:00+05:30,NIFTY2581425750CE,1.35,1,BUY,-1.35,912.05
2025-08-08 09:15:00+05:30,NIFTY2581425700CE,1.4,1,BUY,-1.4,912.05
2025-08-08 09:15:00+05:30,NIFTY2581425650CE,1.55,1,BUY,-1.55,912.05
2025-08-08 09:15:00+05:30,NIFTY2581425600CE,1.65,1,BUY,-1.65,912.05
2025-08-08 09:15:00+05:30,NIFTY2581425600PE,1000.0,1,BUY,-1000.0,912.05
2025-08-08 09:15:00+05:30,NIFTY2581425550CE,1.85,1,BUY,-1.85,912.05
2025-08-08 09:15:00+05:30,NIFTY2581425500CE,2.1,1,BUY,-2.1,912.05
2025-08-08 09:15:00+05:30,NIFTY2581425500PE,903.25,1,BUY,-903.25,912.05
2025-08-08 09:15:00+05:30,NIFTY2581425450CE,2.35,1,BUY,-2.35,912.05
2025-08-08 09:15:00+05:30,NIFTY2581425400CE,2.7,1,BUY,-2.7,912.05
2025-08-08 09:15:00+05:30,NIFTY2581425350CE,3.3,1,BUY,-3.3,912.05
2025-08-08 09:15:00+05:30,NIFTY2581425300CE,4.1,1,BUY,-4.1,912.05
2025-08-08 09:15:00+05:30,NIFTY2581425300PE,698.0,1,BUY,-698.0,912.05
2025-08-08 09:15:00+05:30,NIFTY2581425250CE,5.2,1,BUY,-5.2,912.05
2025-08-08 09:15:00+05:30,NIFTY2581425250PE,637.2,1,BUY,-637.2,912.05
2025-08-08 09:15:00+05:30,NIFTY2581425200CE,6.5,1,BUY,-6.5,912.05
2025-08-08 09:15:00+05:30,NIFTY2581425200PE,601.35,1,BUY,-601.35,912.05
2025-08-08 09:15:00+05:30,NIFTY2581425150CE,8.55,1,BUY,-8.55,912.05
2025-08-08 09:15:00+05:30,NIFTY2581425150PE,557.95,1,BUY,-557.95,912.05
2025-08-08 09:15:00+05:30,NIFTY2581425100CE,11.15,1,BUY,-11.15,912.05
2025-08-08 09:15:00+05:30,NIFTY2581425100PE,502.4,1,BUY,-502.4,912.05
2025-08-08 09:15:00+05:30,NIFTY2581425050CE,14.65,1,BUY,-14.65,912.05
2025-08-08 09:15:00+05:30,NIFTY2581425050PE,467.0,1,BUY,-467.0,912.05
2025-08-08 09:15:00+05:30,NIFTY2581425000CE,19.2,1,BUY,-19.2,912.05
2025-08-08 09:15:00+05:30,NIFTY2581425000PE,416.0,1,BUY,-416.0,912.05
2025-08-08 09:15:00+05:30,NIFTY2581424950CE,24.8,1,BUY,-24.8,912.05
2025-08-08 09:15:00+05:30,NIFTY2581424950PE,373.2,1,BUY,-373.2,912.05
2025-08-08 09:15:00+05:30,NIFTY2581424900CE,32.25,1,BUY,-32.25,912.05
2025-08-08 09:15:00+05:30,NIFTY2581424900PE,329.4,1,BUY,-329.4,912.05
2025-08-08 09:15:00+05:30,NIFTY2581424850CE,41.7,1,SELL,41.7,952.9499999999999
2025-08-08 09:15:00+05:30,NIFTY2581424850PE,288.95,1,BUY,-288.95,952.9499999999999
2025-08-08 09:15:00+05:30,NIFTY2581424800CE,53.25,1,SELL,53.25,1005.3499999999999
2025-08-08 09:15:00+05:30,NIFTY2581424800PE,250.3,1,SELL,250.3,1254.85
2025-08-08 09:15:00+05:30,NIFTY2581424750CE,68.0,1,SELL,68.0,1322.05
2025-08-08 09:15:00+05:30,NIFTY2581423950CE,663.1,1,BUY,-663.1,1322.05
2025-08-08 09:15:00+05:30,NIFTY2581423950PE,9.75,1,BUY,-9.75,1322.05
2025-08-08 09:15:00+05:30,NIFTY2581423900CE,710.45,1,BUY,-710.45,1322.05
2025-08-08 09:15:00+05:30,NIFTY2581423900PE,8.4,1,BUY,-8.4,1322.05
2025-08-08 09:15:00+05:30,NIFTY2581423850PE,7.25,1,BUY,-7.25,1322.05
2025-08-08 09:15:00+05:30,NIFTY2581423800CE,805.0,1,BUY,-805.0,1322.05
2025-08-08 09:15:00+05:30,NIFTY2581423800PE,6.35,1,BUY,-6.35,1322.05
2025-08-08 09:15:00+05:30,NIFTY2581423750PE,5.65,1,BUY,-5.65,1322.05
2025-08-08 09:15:00+05:30,NIFTY2581423700CE,899.1,1,BUY,-899.1,1322.05
2025-08-08 09:15:00+05:30,NIFTY2581423700PE,5.0,1,BUY,-5.0,1322.05
2025-08-08 09:15:00+05:30,NIFTY2581423650PE,4.6,1,BUY,-4.6,1322.05
2025-08-08 09:15:00+05:30,NIFTY2581423600CE,998.2,1,BUY,-998.2,1322.05
2025-08-08 09:15:00+05:30,NIFTY2581423600PE,4.1,1,BUY,-4.1,1322.05
2025-08-08 09:15:00+05:30,NIFTY2581423550PE,3.9,1,BUY,-3.9,1322.05
2025-08-08 09:15:00+05:30,NIFTY2581423500PE,3.55,1,BUY,-3.55,1322.05
2025-08-08 09:15:00+05:30,NIFTY2581423450PE,3.3,1,BUY,-3.3,1322.05
2025-08-08 09:15:00+05:30,NIFTY2581423400PE,3.0,1,BUY,-3.0,1322.05
2025-08-08 09:15:00+05:30,NIFTY2581423350PE,2.8,1,BUY,-2.8,1322.05
2025-08-08 09:15:00+05:30,NIFTY2581423300PE,2.7,1,BUY,-2.7,1322.05
2025-08-08 09:15:00+05:30,NIFTY2581423250PE,2.55,1,BUY,-2.55,1322.05
2025-08-08 09:15:00+05:30,NIFTY2581423200PE,2.3,1,BUY,-2.3,1322.05
2025-08-08 09:15:00+05:30,NIFTY2581423150PE,2.25,1,BUY,-2.25,1322.05
2025-08-08 09:15:00+05:30,NIFTY2581423100PE,2.15,1,BUY,-2.15,1322.05
2025-08-08 09:15:00+05:30,NIFTY2581423050PE,2.1,1,BUY,-2.1,1322.05
2025-08-08 09:15:00+05:30,NIFTY2581423000PE,2.05,1,BUY,-2.05,1322.05
2025-08-08 09:15:00+05:30,NIFTY2581422950PE,1.95,1,BUY,-1.95,1322.05
2025-08-08 09:15:00+05:30,NIFTY2581422900PE,1.85,1,BUY,-1.85,1322.05
2025-08-08 09:15:00+05:30,NIFTY2581422850PE,1.8,1,BUY,-1.8,1322.05
2025-08-08 09:15:00+05:30,NIFTY2581422800PE,1.7,1,BUY,-1.7,1322.05
2025-08-08 09:16:00+05:30,NIFTY2581424250CE,370.35,2,BUY,-740.7,1322.05
2025-08-08 09:16:00+05:30,NIFTY2581424150CE,461.4,1,BUY,-461.4,1322.05
2025-08-08 09:17:00+05:30,NIFTY2581424850PE,297.1,2,SELL,594.2,1914.5
2025-08-08 09:17:00+05:30,NIFTY2581426850CE,0.8,1,BUY,-0.8,1914.5
2025-08-08 09:18:00+05:30,NIFTY2581424300CE,344.9,2,BUY,-689.8,1914.5
2025-08-08 09:18:00+05:30,NIFTY2581424900PE,326.95,2,SELL,653.9,2566.6000000000004
2025-08-08 09:18:00+05:30,NIFTY2581425700PE,1100.0,1,BUY,-1100.0,2566.6000000000004
2025-08-08 09:19:00+05:30,NIFTY2581424900PE,335.3,2,BUY,-670.6,2566.6000000000004
2025-08-08 09:19:00+05:30,NIFTY2581425400PE,793.15,1,BUY,-793.15,2566.6000000000004
2025-08-08 09:20:00+05:30,NIFTY2581423500CE,1104.45,1,BUY,-1104.45,2566.6000000000004
2025-08-08 09:21:00+05:30,NIFTY2581424300PE,40.0,2,SELL,80.0,2644.8
2025-08-08 09:23:00+05:30,NIFTY2581424300CE,327.9,2,SELL,655.8,3298.7
2025-08-08 09:26:00+05:30,NIFTY2581423300CE,1280.0,1,BUY,-1280.0,3298.7
2025-08-08 09:26:00+05:30,NIFTY2581423000CE,1580.0,1,BUY,-1580.0,3298.7
2025-08-08 09:27:00+05:30,NIFTY2581424850CE,36.1,2,BUY,-72.2,3298.7
2025-08-08 09:27:00+05:30,NIFTY2581427000PE,2424.0,1,BUY,-2424.0,3298.7
2025-08-08 09:28:00+05:30,NIFTY2581424250CE,342.5,2,SELL,685.0,3981.6499999999996
2025-08-08 09:28:00+05:30,NIFTY2581424250PE,41.0,2,SELL,82.0,2661.6
2025-08-08 09:28:00+05:30,NIFTY2581424850PE,333.95,2,BUY,-667.9,2661.6
2025-08-08 09:28:00+05:30,NIFTY2581425350PE,792.0,1,BUY,-792.0,2661.6
2025-08-08 09:28:00+05:30,NIFTY2581423850CE,725.25,1,BUY,-725.25,2661.6
2025-08-08 09:30:00+05:30,NIFTY2581426400PE,1853.25,1,BUY,-1853.25,2661.6
2025-08-08 09:42:00+05:30,NIFTY2581425750PE,1216.8,1,BUY,-1216.8,2661.6
2025-08-08 09:45:00+05:30,NIFTY2581425800PE,1280.0,1,BUY,-1280.0,2661.6
2025-08-08 09:47:00+05:30,NIFTY2581424800PE,320.85,2,BUY,-641.7,2661.6
2025-08-08 09:48:00+05:30,NIFTY2581424800CE,36.5,2,BUY,-73.0,2661.6
2025-08-08 09:48:00+05:30,NIFTY2581424800PE,323.75,2,SELL,647.5,3306.85
2025-08-08 09:49:00+05:30,NIFTY2581423550CE,965.0,1,BUY,-965.0,3306.85
2025-08-08 09:50:00+05:30,NIFTY2581424800PE,325.45,2,BUY,-650.9,3306.85
2025-08-08 09:54:00+05:30,NIFTY2581424800CE,37.55,2,SELL,75.1,3379.35
2025-08-08 09:55:00+05:30,NIFTY2581424800PE,319.4,2,SELL,638.8,4015.2
2025-08-08 09:56:00+05:30,NIFTY2581424800CE,36.75,2,BUY,-73.5,4015.2
2025-08-08 09:56:00+05:30,NIFTY2581424800PE,326.65,2,BUY,-653.3,4015.2
2025-08-08 09:59:00+05:30,NIFTY2581424200CE,346.2,2,SELL,692.4,3705.95
2025-08-08 10:00:00+05:30,NIFTY2581424200PE,42.3,2,SELL,84.6,3786.5999999999995
2025-08-08 10:00:00+05:30,NIFTY2581426600PE,2098.05,1,BUY,-2098.05,3786.5999999999995
2025-08-08 10:00:00+05:30,NIFTY2581425900PE,1398.75,1,BUY,-1398.75,3786.5999999999995
2025-08-08 10:00:00+05:30,NIFTY2581425850PE,1349.25,1,BUY,-1349.25,3786.5999999999995
2025-08-08 10:00:00+05:30,NIFTY2581425550PE,1050.45,1,BUY,-1050.45,3786.5999999999995
2025-08-08 10:00:00+05:30,NIFTY2581423650CE,850.1,1,BUY,-850.1,3786.5999999999995
2025-08-08 10:01:00+05:30,NIFTY2581425950PE,1448.85,1,BUY,-1448.85,3786.5999999999995
2025-08-08 10:04:00+05:30,NIFTY2581424750PE,306.1,2,BUY,-612.2,3786.5999999999995
2025-08-08 10:05:00+05:30,NIFTY2581424750PE,312.85,2,SELL,625.7,3506.6999999999994
2025-08-08 10:06:00+05:30,NIFTY2581424150CE,368.65,2,SELL,737.3,4237.999999999999
2025-08-08 10:07:00+05:30,NIFTY2581424150CE,363.75,2,BUY,-727.5,4237.999999999999
2025-08-08 10:14:00+05:30,NIFTY2581424150CE,373.0,2,SELL,746.0,4281.899999999999
2025-08-08 10:16:00+05:30,NIFTY2581424150CE,368.5,2,BUY,-737.0,4281.899999999999
2025-08-08 10:18:00+05:30,NIFTY2581424150CE,383.05,2,SELL,766.1,4405.599999999999
2025-08-08 10:21:00+05:30,NIFTY2581424750PE,307.3,2,BUY,-614.6,4405.599999999999
2025-08-08 10:22:00+05:30,NIFTY2581424750PE,310.0,2,SELL,620.0,4417.749999999999
2025-08-08 10:22:00+05:30,NIFTY2581424150CE,368.8,2,BUY,-737.6,4417.749999999999
2025-08-08 10:26:00+05:30,NIFTY2581424200PE,39.25,2,BUY,-78.5,4417.749999999999
2025-08-08 10:27:00+05:30,NIFTY2581424200PE,41.6,2,SELL,83.2,3934.4499999999994
2025-08-08 10:32:00+05:30,NIFTY2581424750PE,320.35,2,BUY,-640.7,3934.4499999999994
2025-08-08 10:33:00+05:30,NIFTY2581424750PE,308.6,2,SELL,617.2,4038.0999999999995
2025-08-08 10:36:00+05:30,NIFTY2581424750PE,319.0,2,BUY,-638.0,4038.0999999999995
2025-08-08 10:36:00+05:30,NIFTY2581424150CE,359.7,2,SELL,719.4,4275.849999999999
2025-08-08 10:40:00+05:30,NIFTY2581424150CE,355.1,2,BUY,-710.2,4275.849999999999
2025-08-08 10:41:00+05:30,NIFTY2581424150CE,368.0,2,SELL,736.0,4576.65
2025-08-08 10:42:00+05:30,NIFTY2581423350CE,1095.75,1,BUY,-1095.75,4576.65
2025-08-08 10:48:00+05:30,NIFTY2581424750CE,37.45,2,BUY,-74.9,4576.65
2025-08-08 10:49:00+05:30,NIFTY2581424150PE,41.3,2,SELL,82.6,4261.25
2025-08-08 10:52:00+05:30,NIFTY2581424150PE,40.5,2,BUY,-81.0,4261.25
2025-08-08 10:53:00+05:30,NIFTY2581424750CE,38.75,2,SELL,77.5,3977.1
2025-08-08 10:57:00+05:30,NIFTY2581424750CE,37.85,2,BUY,-75.7,3977.1
2025-08-08 11:01:00+05:30,NIFTY2581424150PE,40.65,2,SELL,81.3,3106.3499999999995
2025-08-08 11:03:00+05:30,NIFTY2581424150PE,39.75,2,BUY,-79.5,3106.3499999999995
2025-08-08 11:07:00+05:30,NIFTY2581424750CE,38.5,2,SELL,77.0,2463.1499999999996
2025-08-08 11:08:00+05:30,NIFTY2581424750CE,37.9,2,BUY,-75.8,2463.1499999999996
2025-08-08 11:09:00+05:30,NIFTY2581424750CE,38.65,2,SELL,77.3,2524.7999999999997
2025-08-08 11:11:00+05:30,NIFTY2581423400CE,1071.4,1,BUY,-1071.4,2524.7999999999997
2025-08-08 11:18:00+05:30,NIFTY2581424150CE,370.0,2,BUY,-740.0,2524.7999999999997
2025-08-08 11:23:00+05:30,NIFTY2581424150CE,352.25,2,SELL,704.5,2417.95
2025-08-08 11:31:00+05:30,NIFTY2581422850CE,1667.2,1,BUY,-1667.2,2417.95
2025-08-08 11:33:00+05:30,NIFTY2581424150CE,358.85,2,BUY,-717.7,2417.95
2025-08-08 11:35:00+05:30,NIFTY2581424150CE,366.65,2,SELL,733.3,2246.5
2025-08-08 11:35:00+05:30,NIFTY2581426500PE,1995.5,1,BUY,-1995.5,2246.5
2025-08-08 11:38:00+05:30,NIFTY2581424750CE,38.1,2,BUY,-76.2,2246.5
2025-08-08 11:43:00+05:30,NIFTY2581424750CE,38.3,2,SELL,76.6,2313.5
2025-08-08 11:55:00+05:30,NIFTY2581424150CE,363.1,2,BUY,-726.2,2313.5
2025-08-08 11:56:00+05:30,NIFTY2581424150CE,363.1,2,SELL,726.2,2037.4
2025-08-08 12:00:00+05:30,NIFTY2581424750CE,37.8,2,BUY,-75.6,2037.4
2025-08-08 12:02:00+05:30,NIFTY2581424150PE,40.75,2,SELL,81.5,2111.45
2025-08-08 12:02:00+05:30,NIFTY2581424700PE,298.45,2,BUY,-596.9,2111.45
2025-08-08 12:03:00+05:30,NIFTY2581424700PE,303.6,2,SELL,607.2,2712.35
2025-08-08 12:08:00+05:30,NIFTY2581424150PE,38.7,2,BUY,-77.4,2712.35
2025-08-08 12:09:00+05:30,NIFTY2581424150PE,40.25,2,SELL,80.5,2787.35
2025-08-08 12:10:00+05:30,NIFTY2581424700PE,293.05,2,BUY,-586.1,2787.35
2025-08-08 12:11:00+05:30,NIFTY2581424150PE,39.35,2,BUY,-78.7,2787.35
2025-08-08 12:11:00+05:30,NIFTY2581424700PE,293.0,2,SELL,586.0,3368.4999999999995
2025-08-08 12:21:00+05:30,NIFTY2581424150PE,39.65,2,SELL,79.3,3443.3999999999996
2025-08-08 12:21:00+05:30,NIFTY2581424700PE,295.25,2,BUY,-590.5,3443.3999999999996
2025-08-08 12:22:00+05:30,NIFTY2581424700PE,295.15,2,SELL,590.3,4029.5499999999997
2025-08-08 12:23:00+05:30,NIFTY2581424150PE,37.5,2,BUY,-75.0,4029.5499999999997
2025-08-08 12:23:00+05:30,NIFTY2581424700PE,288.0,2,BUY,-576.0,4029.5499999999997
2025-08-08 12:24:00+05:30,NIFTY2581424700PE,285.0,2,SELL,570.0,4595.749999999999
2025-08-08 12:27:00+05:30,NIFTY2581424750CE,38.1,2,SELL,76.2,4668.449999999999
2025-08-08 12:28:00+05:30,NIFTY2581424750CE,36.75,2,BUY,-73.5,4668.449999999999
2025-08-08 12:29:00+05:30,NIFTY2581424750CE,37.9,2,SELL,75.8,4003.549999999999
2025-08-08 12:30:00+05:30,NIFTY2581424150CE,355.5,2,BUY,-711.0,4003.549999999999
2025-08-08 12:31:00+05:30,NIFTY2581424150CE,359.8,2,SELL,719.6,4260.949999999999
2025-08-08 12:33:00+05:30,NIFTY2581424750CE,36.95,2,BUY,-73.9,4260.949999999999
2025-08-08 12:34:00+05:30,NIFTY2581424750CE,37.65,2,SELL,75.3,3646.449999999999
2025-08-08 12:34:00+05:30,NIFTY2581424150CE,352.4,2,BUY,-704.8,3646.449999999999
2025-08-08 12:35:00+05:30,NIFTY2581424150CE,354.0,2,SELL,708.0,2919.1499999999987
2025-08-08 12:36:00+05:30,NIFTY2581424750CE,37.25,2,BUY,-74.5,2919.1499999999987
2025-08-08 12:41:00+05:30,NIFTY2581424750CE,37.5,2,SELL,75.0,1865.6999999999985
2025-08-08 12:41:00+05:30,NIFTY2581424150CE,350.95,2,BUY,-701.9,1865.6999999999985
2025-08-08 12:41:00+05:30,NIFTY2581425650PE,1207.5,1,BUY,-1207.5,1865.6999999999985
2025-08-08 12:42:00+05:30,NIFTY2581424750CE,37.05,2,BUY,-74.1,1865.6999999999985
2025-08-08 12:43:00+05:30,NIFTY2581424750CE,38.55,2,SELL,77.1,-441.6500000000017
2025-08-08 12:43:00+05:30,NIFTY2581424150CE,357.8,2,SELL,715.6,-1342.1500000000017
2025-08-08 12:46:00+05:30,NIFTY2581424150CE,358.6,2,BUY,-717.2,-1342.1500000000017
2025-08-08 12:47:00+05:30,NIFTY2581424150CE,359.75,2,SELL,719.5,-3082.750000000002
2025-08-08 12:49:00+05:30,NIFTY2581424150CE,366.5,2,BUY,-733.0,-3082.750000000002
2025-08-08 12:50:00+05:30,NIFTY2581424200PE,36.9,2,BUY,-73.8,-3082.750000000002
2025-08-08 12:51:00+05:30,NIFTY2581424200PE,38.7,2,SELL,77.4,-3673.250000000002
2025-08-08 12:53:00+05:30,NIFTY2581424200PE,38.0,2,BUY,-76.0,-3673.250000000002
2025-08-08 12:56:00+05:30,NIFTY2581424750PE,283.15,2,SELL,566.3,-4624.200000000003
2025-08-08 12:58:00+05:30,NIFTY2581424750PE,291.5,2,BUY,-583.0,-4624.200000000003
2025-08-08 12:59:00+05:30,NIFTY2581424200PE,39.05,2,SELL,78.1,-7616.150000000002
2025-08-08 12:59:00+05:30,NIFTY2581424750PE,299.0,2,SELL,598.0,-8619.000000000002
2025-08-08 13:00:00+05:30,NIFTY2581424750PE,302.35,2,BUY,-604.7,-8619.000000000002
2025-08-08 13:06:00+05:30,NIFTY2581423200CE,1283.95,1,BUY,-1283.95,-8619.000000000002
2025-08-08 13:07:00+05:30,NIFTY2581424750CE,36.15,2,BUY,-72.3,-8619.000000000002
2025-08-08 13:10:00+05:30,NIFTY2581424150CE,351.05,2,SELL,702.1,-8274.250000000002
2025-08-08 13:10:00+05:30,NIFTY2581423750CE,730.0,1,BUY,-730.0,-8274.250000000002
2025-08-08 13:12:00+05:30,NIFTY2581424150CE,351.05,2,BUY,-702.1,-8274.250000000002
2025-08-08 13:15:00+05:30,NIFTY2581424750CE,37.2,2,SELL,74.4,-9201.35
2025-08-08 13:16:00+05:30,NIFTY2581424750PE,308.75,2,SELL,617.5,-9234.75
2025-08-08 13:17:00+05:30,NIFTY2581424750PE,314.1,2,BUY,-628.2,-9234.75
2025-08-08 13:18:00+05:30,NIFTY2581424750CE,36.75,2,BUY,-73.5,-9234.75
2025-08-08 13:19:00+05:30,NIFTY2581424150CE,359.85,2,SELL,719.7,-8588.55
2025-08-08 13:20:00+05:30,NIFTY2581424750CE,37.4,2,SELL,74.8,-9167.05
2025-08-08 13:20:00+05:30,NIFTY2581424150CE,356.75,2,BUY,-713.5,-9167.05
2025-08-08 13:22:00+05:30,NIFTY2581424750CE,36.45,2,BUY,-72.9,-9167.05
2025-08-08 13:28:00+05:30,NIFTY2581424150CE,339.55,2,SELL,679.1,-11984.75
2025-08-08 13:29:00+05:30,NIFTY2581424150CE,337.0,2,BUY,-674.0,-11984.75
2025-08-08 13:32:00+05:30,NIFTY2581424750CE,38.25,2,SELL,76.5,-14307.95
2025-08-08 13:35:00+05:30,NIFTY2581424750PE,311.4,2,SELL,622.8,-15984.100000000002
2025-08-08 13:36:00+05:30,NIFTY2581424750PE,305.95,2,BUY,-611.9,-15984.100000000002
2025-08-08 13:37:00+05:30,NIFTY2581424750PE,313.15,2,SELL,626.3,-15970.000000000002
2025-08-08 13:38:00+05:30,NIFTY2581424750PE,304.35,2,BUY,-608.7,-15970.000000000002
2025-08-08 13:39:00+05:30,NIFTY2581424750PE,301.85,2,SELL,603.7,-16093.800000000001
2025-08-08 13:41:00+05:30,NIFTY2581424750PE,301.4,2,BUY,-602.8,-16093.800000000001
2025-08-08 13:42:00+05:30,NIFTY2581424200PE,37.7,2,BUY,-75.4,-16093.800000000001
2025-08-08 13:42:00+05:30,NIFTY2581424750PE,297.3,2,SELL,594.6,-16236.2
2025-08-08 13:43:00+05:30,NIFTY2581424200PE,38.05,2,SELL,76.1,-16774.7
2025-08-08 13:43:00+05:30,NIFTY2581424750PE,300.8,2,BUY,-601.6,-16774.7
2025-08-08 13:44:00+05:30,NIFTY2581424200PE,38.05,2,BUY,-76.1,-16774.7
2025-08-08 13:44:00+05:30,NIFTY2581424750PE,301.8,2,SELL,603.6,-16908.7
2025-08-08 13:45:00+05:30,NIFTY2581424200PE,39.75,2,SELL,79.5,-16907.7
2025-08-08 13:46:00+05:30,NIFTY2581424750PE,311.6,2,BUY,-623.2,-16907.7
2025-08-08 13:47:00+05:30,NIFTY2581424750CE,35.5,2,BUY,-71.0,-16907.7
2025-08-08 13:48:00+05:30,NIFTY2581424150CE,350.0,2,SELL,700.0,-16848.4
2025-08-08 13:49:00+05:30,NIFTY2581424150CE,346.55,2,BUY,-693.1,-16848.4
2025-08-08 13:54:00+05:30,NIFTY2581424150CE,346.55,2,SELL,693.1,-16793.300000000003
2025-08-08 13:57:00+05:30,NIFTY2581424150CE,342.15,2,BUY,-684.3,-16793.300000000003
2025-08-08 13:58:00+05:30,NIFTY2581424150CE,342.3,2,SELL,684.6,-16818.9
2025-08-08 14:00:00+05:30,NIFTY2581424150CE,351.15,2,BUY,-702.3,-16818.9
2025-08-08 14:01:00+05:30,NIFTY2581424750CE,37.5,2,SELL,75.0,-17877.100000000002
2025-08-08 14:02:00+05:30,NIFTY2581424750CE,36.25,2,BUY,-72.5,-17877.100000000002
2025-08-08 14:05:00+05:30,NIFTY2581424150CE,352.2,2,SELL,704.4,-17250.65
2025-08-08 14:12:00+05:30,NIFTY2581424150PE,40.85,2,SELL,81.7,-17247.300000000003
2025-08-08 14:12:00+05:30,NIFTY2581424100CE,365.0,2,SELL,730.0,-16594.9
2025-08-08 14:12:00+05:30,NIFTY2581424700PE,307.3,2,BUY,-614.6,-16594.9
2025-08-08 14:13:00+05:30,NIFTY2581424100CE,374.7,2,BUY,-749.4,-16594.9
2025-08-08 14:13:00+05:30,NIFTY2581424700PE,300.0,2,SELL,600.0,-16072.550000000001
2025-08-08 14:14:00+05:30,NIFTY2581424150PE,37.8,2,BUY,-75.6,-16072.550000000001
2025-08-08 14:15:00+05:30,NIFTY2581424150PE,39.75,2,SELL,79.5,-17102.350000000002
2025-08-08 14:16:00+05:30,NIFTY2581424150PE,36.9,2,BUY,-73.8,-17102.350000000002
2025-08-08 14:16:00+05:30,NIFTY2581424150CE,339.75,2,BUY,-679.5,-17102.350000000002
2025-08-08 14:21:00+05:30,NIFTY2581424150CE,347.0,2,SELL,694.0,-17148.350000000002
2025-08-08 14:22:00+05:30,NIFTY2581424150CE,345.05,2,BUY,-690.1,-17148.350000000002
2025-08-08 14:25:00+05:30,NIFTY2581424150CE,333.85,2,SELL,667.7,-18506.7
2025-08-08 14:26:00+05:30,NIFTY2581424150PE,39.1,2,SELL,78.2,-20782.850000000002
2025-08-08 14:27:00+05:30,NIFTY2581424700PE,305.55,2,BUY,-611.1,-20782.850000000002
2025-08-08 14:32:00+05:30,NIFTY2581424100CE,362.1,2,SELL,724.2,-20134.850000000002
2025-08-08 14:33:00+05:30,NIFTY2581424150PE,37.85,2,BUY,-75.7,-20134.850000000002
2025-08-08 14:33:00+05:30,NIFTY2581424100CE,377.85,2,BUY,-755.7,-20134.850000000002
2025-08-08 14:34:00+05:30,NIFTY2581424150PE,38.5,2,SELL,77.0,-20784.050000000003
2025-08-08 14:34:00+05:30,NIFTY2581424100CE,374.45,2,SELL,748.9,-20110.750000000004
2025-08-08 14:35:00+05:30,NIFTY2581424150PE,36.75,2,BUY,-73.5,-20110.750000000004
2025-08-08 14:35:00+05:30,NIFTY2581424100CE,378.45,2,BUY,-756.9,-20110.750000000004
2025-08-08 14:37:00+05:30,NIFTY2581424150PE,38.5,2,SELL,77.0,-20630.650000000005
2025-08-08 14:38:00+05:30,NIFTY2581424150PE,36.65,2,BUY,-73.3,-20630.650000000005
2025-08-08 14:42:00+05:30,NIFTY2581424700PE,284.05,2,SELL,568.1,-20139.950000000004
2025-08-08 14:46:00+05:30,NIFTY2581424700PE,297.0,2,BUY,-594.0,-20139.950000000004
2025-08-08 14:55:00+05:30,NIFTY2581424150PE,38.2,2,SELL,76.4,-20649.650000000005
2025-08-08 14:56:00+05:30,NIFTY2581424150PE,37.3,2,BUY,-74.6,-20649.650000000005
2025-08-08 14:56:00+05:30,NIFTY2581424100CE,378.95,2,SELL,757.9,-19970.450000000004
2025-08-08 14:57:00+05:30,NIFTY2581424150PE,38.3,2,SELL,76.6,-20484.350000000006
2025-08-08 14:57:00+05:30,NIFTY2581424100CE,373.05,2,BUY,-746.1,-20484.350000000006
2025-08-08 14:58:00+05:30,NIFTY2581424100CE,374.2,2,SELL,748.4,-19810.950000000004
2025-08-08 14:59:00+05:30,NIFTY2581424150PE,37.65,2,BUY,-75.3,-19810.950000000004
2025-08-08 15:00:00+05:30,NIFTY2581424150PE,38.75,2,SELL,77.5,-20309.450000000004
2025-08-08 15:03:00+05:30,NIFTY2581424650PE,267.05,2,BUY,-534.1,-20309.450000000004
2025-08-08 15:04:00+05:30,NIFTY2581424650PE,258.0,2,SELL,516.0,-19866.950000000004
2025-08-08 15:09:00+05:30,NIFTY2581424650PE,275.3,2,BUY,-550.6,-19866.950000000004
2025-08-08 15:09:00+05:30,NIFTY2581424700CE,38.05,2,BUY,-76.1,-19866.950000000004
2025-08-08 15:10:00+05:30,NIFTY2581424650PE,283.4,2,SELL,566.8,-20011.150000000005
2025-08-08 15:11:00+05:30,NIFTY2581424650PE,284.1,2,BUY,-568.2,-20011.150000000005
2025-08-08 15:12:00+05:30,NIFTY2581424100PE,44.2,2,SELL,88.4,-19996.650000000005
2025-08-08 15:12:00+05:30,NIFTY2581424050CE,372.4,2,SELL,744.8,-19956.650000000005
2025-08-08 15:12:00+05:30,NIFTY2581423550CE,950.0,2,SELL,1900.0,-18131.150000000005
2025-08-08 15:14:00+05:30,NIFTY2581425450PE,1048.0,1,BUY,-1048.0,-18131.150000000005
2025-08-08 15:15:00+05:30,NIFTY2581424100PE,38.75,2,BUY,-77.5,-18131.150000000005
2025-08-08 15:15:00+05:30,NIFTY2581423550CE,950.0,2,BUY,-1900.0,-18131.150000000005
2025-08-08 15:16:00+05:30,NIFTY2581424100PE,40.05,2,SELL,80.1,-18752.950000000004
2025-08-08 15:16:00+05:30,NIFTY2581423550CE,950.0,2,SELL,1900.0,-18097.500000000004
2025-08-08 15:18:00+05:30,NIFTY2581424000CE,425.65,2,SELL,851.3,-17641.850000000006
2025-08-08 15:24:00+05:30,NIFTY2581424000CE,421.0,2,BUY,-842.0,-17641.850000000006
2025-08-08 15:29:00+05:30,NIFTY2581423550CE,840.4,2,BUY,-1680.8,-17641.850000000006
2025-08-08 15:29:00+05:30,NIFTY2581424350CE,153.15,1,BUY,-153.15,-17641.850000000006
2025-08-08 15:29:00+05:30,NIFTY2581424350PE,108.55,1,BUY,-108.55,-17641.850000000006
2025-08-08 15:29:00+05:30,NIFTY2581424400CE,126.15,1,BUY,-126.15,-17641.850000000006
2025-08-08 15:29:00+05:30,NIFTY2581424400PE,133.0,1,BUY,-133.0,-17641.850000000006
2025-08-08 15:29:00+05:30,NIFTY2581424300CE,184.3,1,BUY,-184.3,-17641.850000000006
2025-08-08 15:29:00+05:30,NIFTY2581424300PE,89.8,1,BUY,-89.8,-17641.850000000006
2025-08-08 15:29:00+05:30,NIFTY2581424450CE,103.65,1,BUY,-103.65,-17641.850000000006
2025-08-08 15:29:00+05:30,NIFTY2581424450PE,159.7,1,BUY,-159.7,-17641.850000000006
2025-08-08 15:29:00+05:30,NIFTY2581424250CE,214.8,1,BUY,-214.8,-17641.850000000006
2025-08-08 15:29:00+05:30,NIFTY2581424250PE,72.7,1,BUY,-72.7,-17641.850000000006
2025-08-08 15:29:00+05:30,NIFTY2581424500CE,83.2,1,BUY,-83.2,-17641.850000000006
2025-08-08 15:29:00+05:30,NIFTY2581424500PE,189.95,1,BUY,-189.95,-17641.850000000006
2025-08-08 15:29:00+05:30,NIFTY2581424200CE,252.25,1,BUY,-252.25,-17641.850000000006
2025-08-08 15:29:00+05:30,NIFTY2581424200PE,59.55,1,BUY,-59.55,-17641.850000000006
2025-08-08 15:29:00+05:30,NIFTY2581424550CE,67.0,1,BUY,-67.0,-17641.850000000006
2025-08-08 15:29:00+05:30,NIFTY2581424550PE,223.75,1,BUY,-223.75,-17641.850000000006
2025-08-08 15:29:00+05:30,NIFTY2581424150PE,47.4,1,BUY,-47.4,-17641.850000000006
2025-08-08 15:29:00+05:30,NIFTY2581424600CE,53.05,1,BUY,-53.05,-17641.850000000006
2025-08-08 15:29:00+05:30,NIFTY2581424600PE,259.0,1,BUY,-259.0,-17641.850000000006
2025-08-08 15:29:00+05:30,NIFTY2581424100CE,331.7,1,BUY,-331.7,-17641.850000000006
2025-08-08 15:29:00+05:30,NIFTY2581424100PE,38.3,1,BUY,-38.3,-17641.850000000006
2025-08-08 15:29:00+05:30,NIFTY2581424650CE,42.2,1,BUY,-42.2,-17641.850000000006
2025-08-08 15:29:00+05:30,NIFTY2581424650PE,297.95,1,SELL,297.95,-17702.500000000007
2025-08-08 15:29:00+05:30,NIFTY2581424050CE,374.95,1,BUY,-374.95,-17702.500000000007
2025-08-08 15:29:00+05:30,NIFTY2581424050PE,31.5,1,SELL,31.5,-18037.500000000007
2025-08-08 15:29:00+05:30,NIFTY2581424700CE,33.0,1,SELL,33.0,-18371.000000000007
2025-08-08 15:29:00+05:30,NIFTY2581424700PE,341.0,1,SELL,341.0,-18066.90000000001
2025-08-08 15:29:00+05:30,NIFTY2581424000CE,415.55,1,SELL,415.55,-17688.250000000007
2025-08-08 15:29:00+05:30,NIFTY2581424000PE,25.65,1,SELL,25.65,-17700.600000000006
2025-08-08 15:29:00+05:30,NIFTY2581424750PE,382.4,1,SELL,382.4,-17356.200000000004
2025-08-08 15:29:00+05:30,NIFTY2581427100CE,0.75,1,SELL,0.75,-17646.950000000004
2025-08-08 15:29:00+05:30,NIFTY2581427050CE,0.7,1,SELL,0.7,-17937.750000000004
2025-08-08 15:29:00+05:30,NIFTY2581427000CE,0.75,1,SELL,0.75,-18239.350000000002
2025-08-08 15:29:00+05:30,NIFTY2581426950CE,0.95,1,SELL,0.95,-18540.750000000004
2025-08-08 15:29:00+05:30,NIFTY2581426900CE,0.8,1,SELL,0.8,-19823.900000000005
2025-08-08 15:29:00+05:30,NIFTY2581426800CE,0.75,1,SELL,0.75,-19859.300000000007
2025-08-08 15:29:00+05:30,NIFTY2581426750CE,0.85,1,SELL,0.85,-19894.600000000006
2025-08-08 15:29:00+05:30,NIFTY2581426700CE,0.85,1,SELL,0.85,-20623.750000000007
2025-08-08 15:29:00+05:30,NIFTY2581426650CE,0.85,1,SELL,0.85,-20973.950000000008
2025-08-08 15:29:00+05:30,NIFTY2581426600CE,0.9,1,SELL,0.9,-21324.10000000001
2025-08-08 15:29:00+05:30,NIFTY2581426550CE,0.85,1,SELL,0.85,-21637.35000000001
2025-08-08 15:29:00+05:30,NIFTY2581426500CE,1.0,1,SELL,1.0,-21950.450000000008
2025-08-08 15:29:00+05:30,NIFTY2581426450CE,0.85,1,SELL,0.85,-21986.35000000001
2025-08-08 15:29:00+05:30,NIFTY2581426400CE,1.05,1,SELL,1.05,-22022.05000000001
2025-08-08 15:29:00+05:30,NIFTY2581426350CE,0.95,1,SELL,0.95,-22377.85000000001
2025-08-08 15:29:00+05:30,NIFTY2581426300CE,0.95,1,SELL,0.95,-22733.65000000001
2025-08-08 15:29:00+05:30,NIFTY2581426250CE,0.95,1,SELL,0.95,-22769.15000000001
2025-08-08 15:29:00+05:30,NIFTY2581426200CE,0.9,1,SELL,0.9,-22804.700000000008
2025-08-08 15:29:00+05:30,NIFTY2581426150CE,1.1,1,SELL,1.1,-23140.60000000001
2025-08-08 15:29:00+05:30,NIFTY2581426100CE,1.05,1,SELL,1.05,-23476.55000000001
2025-08-08 15:29:00+05:30,NIFTY2581426050CE,1.05,1,SELL,1.05,-23781.45000000001
2025-08-08 15:29:00+05:30,NIFTY2581426000CE,1.2,1,SELL,1.2,-24086.20000000001
2025-08-08 15:29:00+05:30,NIFTY2581426000PE,1605.65,1,SELL,1605.65,-22784.900000000012
2025-08-08 15:29:00+05:30,NIFTY2581425950CE,1.2,1,SELL,1.2,-23088.050000000014
2025-08-08 15:29:00+05:30,NIFTY2581425900CE,1.15,1,SELL,1.15,-23388.300000000014
2025-08-08 15:29:00+05:30,NIFTY2581425850CE,1.3,1,SELL,1.3,-23688.400000000012
2025-08-08 15:29:00+05:30,NIFTY2581425800CE,1.2,1,SELL,1.2,-23724.900000000012
2025-08-08 15:29:00+05:30,NIFTY2581425750CE,1.25,1,SELL,1.25,-23761.350000000013
2025-08-08 15:29:00+05:30,NIFTY2581425700CE,1.3,1,SELL,1.3,-24060.850000000013
2025-08-08 15:29:00+05:30,NIFTY2581425650CE,1.5,1,SELL,1.5,-24360.150000000012
2025-08-08 15:29:00+05:30,NIFTY2581425600CE,1.5,1,SELL,1.5,-24396.70000000001
2025-08-08 15:29:00+05:30,NIFTY2581425600PE,1220.5,1,SELL,1220.5,-23214.25000000001
2025-08-08 15:29:00+05:30,NIFTY2581425550CE,1.7,1,SELL,1.7,-23524.150000000012
2025-08-08 15:29:00+05:30,NIFTY2581425500CE,1.85,1,SELL,1.85,-23833.900000000012
2025-08-08 15:29:00+05:30,NIFTY2581425500PE,1105.45,1,SELL,1105.45,-22763.95000000001
2025-08-08 15:29:00+05:30,NIFTY2581425450CE,1.9,1,SELL,1.9,-22797.55000000001
2025-08-08 15:29:00+05:30,NIFTY2581425400CE,2.2,1,SELL,2.2,-23141.90000000001
2025-08-08 15:29:00+05:30,NIFTY2581425350CE,2.15,1,SELL,2.15,-23486.30000000001
2025-08-08 15:29:00+05:30,NIFTY2581425300CE,2.7,1,SELL,2.7,-23825.75000000001
2025-08-08 15:29:00+05:30,NIFTY2581425300PE,906.95,1,SELL,906.95,-23260.95000000001
2025-08-08 15:29:00+05:30,NIFTY2581425250CE,2.85,1,SELL,2.85,-23609.25000000001
2025-08-08 15:29:00+05:30,NIFTY2581425250PE,854.6,1,SELL,854.6,-23105.80000000001
2025-08-08 15:29:00+05:30,NIFTY2581425200CE,3.5,1,SELL,3.5,-23138.55000000001
2025-08-08 15:29:00+05:30,NIFTY2581425200PE,805.15,1,SELL,805.15,-22369.65000000001
2025-08-08 15:29:00+05:30,NIFTY2581425150CE,3.95,1,SELL,3.95,-22673.000000000007
2025-08-08 15:29:00+05:30,NIFTY2581425150PE,755.8,1,SELL,755.8,-22224.500000000007
2025-08-08 15:29:00+05:30,NIFTY2581425100CE,5.0,1,SELL,5.0,-22594.200000000008
2025-08-08 15:29:00+05:30,NIFTY2581425100PE,707.45,1,SELL,707.45,-22261.450000000008
2025-08-08 15:29:00+05:30,NIFTY2581425050CE,6.65,1,SELL,6.65,-22292.60000000001
2025-08-08 15:29:00+05:30,NIFTY2581425050PE,664.6,1,SELL,664.6,-21665.80000000001
2025-08-08 15:29:00+05:30,NIFTY2581425000CE,8.5,1,SELL,8.5,-21694.20000000001
2025-08-08 15:29:00+05:30,NIFTY2581425000PE,614.1,1,SELL,614.1,-21117.00000000001
2025-08-08 15:29:00+05:30,NIFTY2581424950CE,9.85,1,SELL,9.85,-21446.900000000012
2025-08-08 15:29:00+05:30,NIFTY2581424950PE,565.0,1,SELL,565.0,-21221.650000000012
2025-08-08 15:29:00+05:30,NIFTY2581424900CE,12.25,1,SELL,12.25,-21554.45000000001
2025-08-08 15:29:00+05:30,NIFTY2581424900PE,516.05,1,SELL,516.05,-21383.45000000001
2025-08-08 15:29:00+05:30,NIFTY2581424850CE,15.85,1,SELL,15.85,-21673.150000000012
2025-08-08 15:29:00+05:30,NIFTY2581424850PE,470.0,1,SELL,470.0,-21508.70000000001
2025-08-08 15:29:00+05:30,NIFTY2581424800CE,20.4,1,SELL,20.4,-21526.150000000012
2025-08-08 15:29:00+05:30,NIFTY2581424800PE,423.95,1,SELL,423.95,-21140.050000000014
2025-08-08 15:29:00+05:30,NIFTY2581424750CE,26.0,1,SELL,26.0,-21491.900000000012
2025-08-08 15:29:00+05:30,NIFTY2581423950CE,467.95,1,SELL,467.95,-21401.800000000014
2025-08-08 15:29:00+05:30,NIFTY2581423950PE,20.75,1,SELL,20.75,-21417.800000000014
2025-08-08 15:29:00+05:30,NIFTY2581423900CE,510.1,1,SELL,510.1,-20944.450000000015
2025-08-08 15:29:00+05:30,NIFTY2581423900PE,17.3,1,SELL,17.3,-21305.600000000017
2025-08-08 15:29:00+05:30,NIFTY2581423850PE,13.7,1,SELL,13.7,-21670.350000000017
2025-08-08 15:29:00+05:30,NIFTY2581423800CE,604.8,1,SELL,604.8,-21102.200000000015
2025-08-08 15:29:00+05:30,NIFTY2581423800PE,11.4,1,SELL,11.4,-21127.450000000015
2025-08-08 15:29:00+05:30,NIFTY2581423750PE,9.95,1,SELL,9.95,-21414.500000000015
2025-08-08 15:29:00+05:30,NIFTY2581423700CE,703.0,1,SELL,703.0,-21008.500000000015
2025-08-08 15:29:00+05:30,NIFTY2581423700PE,8.6,1,SELL,8.6,-21037.200000000015
2025-08-08 15:29:00+05:30,NIFTY2581423650PE,7.8,1,SELL,7.8,-21066.700000000015
2025-08-08 15:29:00+05:30,NIFTY2581423600CE,806.85,1,SELL,806.85,-20632.900000000016
2025-08-08 15:29:00+05:30,NIFTY2581423600PE,6.7,1,SELL,6.7,-20999.250000000015
2025-08-08 15:29:00+05:30,NIFTY2581423550PE,5.6,1,SELL,5.6,-21031.300000000014
2025-08-08 15:29:00+05:30,NIFTY2581423500PE,5.6,1,SELL,5.6,-21063.350000000013
2025-08-08 15:29:00+05:30,NIFTY2581423450PE,4.7,1,SELL,4.7,-21325.70000000001
2025-08-08 15:29:00+05:30,NIFTY2581423400PE,4.3,1,SELL,4.3,-21588.45000000001
2025-08-08 15:29:00+05:30,NIFTY2581423350PE,4.1,1,SELL,4.1,-21859.650000000012
2025-08-08 15:29:00+05:30,NIFTY2581423300PE,3.8,1,SELL,3.8,-22131.150000000012
2025-08-08 15:29:00+05:30,NIFTY2581423250PE,3.6,1,SELL,3.6,-22165.600000000013
2025-08-08 15:29:00+05:30,NIFTY2581423200PE,3.65,1,SELL,3.65,-22200.000000000015
2025-08-08 15:29:00+05:30,NIFTY2581423150PE,3.05,1,SELL,3.05,-22481.050000000014
2025-08-08 15:29:00+05:30,NIFTY2581423100PE,2.95,1,SELL,2.95,-22762.200000000015
2025-08-08 15:29:00+05:30,NIFTY2581423050PE,2.9,1,SELL,2.9,-23807.300000000014
2025-08-08 15:29:00+05:30,NIFTY2581423000PE,2.7,1,SELL,2.7,-23843.350000000013
2025-08-08 15:29:00+05:30,NIFTY2581422950PE,2.45,1,SELL,2.45,-23879.650000000012
2025-08-08 15:29:00+05:30,NIFTY2581422900PE,2.35,1,SELL,2.35,-24827.300000000014
2025-08-08 15:29:00+05:30,NIFTY2581422850PE,2.1,1,SELL,2.1,-25775.200000000015
2025-08-08 15:29:00+05:30,NIFTY2581422800PE,2.2,1,SELL,2.2,-26194.000000000015
2025-08-08 15:29:00+05:30,NIFTY2581424150CE,293.0,1,BUY,-293.0,-26194.000000000015
2025-08-08 15:29:00+05:30,NIFTY2581426850CE,1.0,1,SELL,1.0,-26614.000000000015
2025-08-08 15:29:00+05:30,NIFTY2581425700PE,1300.0,1,SELL,1300.0,-26154.400000000016
2025-08-08 15:29:00+05:30,NIFTY2581425400PE,992.8,1,SELL,992.8,-26002.000000000015
2025-08-08 15:29:00+05:30,NIFTY2581423500CE,897.0,1,SELL,897.0,-25258.150000000016
2025-08-08 15:29:00+05:30,NIFTY2581423300CE,1089.55,1,SELL,1089.55,-24277.150000000016
2025-08-08 15:29:00+05:30,NIFTY2581423000CE,1399.4,1,SELL,1399.4,-23003.900000000016
2025-08-08 15:29:00+05:30,NIFTY2581427000PE,2617.1,1,SELL,2617.1,-20519.800000000017
2025-08-08 15:29:00+05:30,NIFTY2581425350PE,956.35,1,SELL,956.35,-19747.75000000002
2025-08-08 15:29:00+05:30,NIFTY2581423850CE,560.4,1,SELL,560.4,-19277.15000000002
2025-08-08 15:29:00+05:30,NIFTY2581426400PE,1832.1,1,SELL,1832.1,-17548.70000000002
2025-08-08 15:29:00+05:30,NIFTY2581425750PE,1369.2,1,SELL,1369.2,-16339.200000000019
2025-08-08 15:29:00+05:30,NIFTY2581425800PE,1361.9,1,SELL,1361.9,-15192.100000000019
2025-08-08 15:29:00+05:30,NIFTY2581423550CE,840.4,1,SELL,840.4,-14424.400000000018
2025-08-08 15:29:00+05:30,NIFTY2581426600PE,2098.05,1,SELL,2098.05,-12409.550000000017
2025-08-08 15:29:00+05:30,NIFTY2581425900PE,1519.35,1,SELL,1519.35,-11080.150000000018
2025-08-08 15:29:00+05:30,NIFTY2581425850PE,1469.1,1,SELL,1469.1,-9863.300000000017
2025-08-08 15:29:00+05:30,NIFTY2581425550PE,1204.9,1,SELL,1204.9,-8717.950000000017
2025-08-08 15:29:00+05:30,NIFTY2581423650CE,800.1,1,SELL,800.1,-7984.850000000017
2025-08-08 15:29:00+05:30,NIFTY2581425950PE,1509.9,1,SELL,1509.9,-6698.700000000017
2025-08-08 15:29:00+05:30,NIFTY2581423350CE,1033.2,1,SELL,1033.2,-5712.900000000017
2025-08-08 15:29:00+05:30,NIFTY2581423400CE,989.65,1,SELL,989.65,-4776.300000000017
2025-08-08 15:29:00+05:30,NIFTY2581422850CE,1560.0,1,SELL,1560.0,-3475.3000000000166
2025-08-08 15:29:00+05:30,NIFTY2581426500PE,2116.95,1,SELL,2116.95,-1690.0500000000168
2025-08-08 15:29:00+05:30,NIFTY2581425650PE,1269.95,1,SELL,1269.95,-458.4000000000167
2025-08-08 15:29:00+05:30,NIFTY2581423200CE,1283.95,1,SELL,1283.95,783.3499999999833
2025-08-08 15:29:00+05:30,NIFTY2581423750CE,649.65,1,SELL,649.65,1058.0499999999834
2025-08-08 15:29:00+05:30,NIFTY2581425450PE,1048.0,1,SELL,1048.0,1813.0499999999834
